<?xml version="1.0" encoding="UTF-8" standalone="yes"?>
<export>
    <PROCESSOR>
        <DeviceID>S32K144</DeviceID>
        <CoreNum>1</CoreNum>
        <Cores>
            <Core>
                <CoreID>S32K144_M4F</CoreID>
                <CoreSet>cortex-m4</CoreSet>
            </Core>
        </Cores>
        <SRAMsize>0K</SRAMsize>
        <FLASHsize>0K</FLASHsize>
    </PROCESSOR>
    <PATHS>
        <LinkerCommandFile>C:\Users\j.wang\workspaceS32DS.ARM.2.2\S32K144_Project_Hello_1\Project_Settings\Linker_Files\S32K1xx_flash.ld</LinkerCommandFile>
        <ProjectInfoPath>C:\Users\j.wang\workspaceS32DS.ARM.2.2\S32K144_Project_Hello_1\ProjectInfo.xml</ProjectInfoPath>
        <IncludePaths>
            <Path>C:\NXP\S32DS_ARM_v2.2\S32DS\build_tools\gcc_v4.9\arm_ewl2\EWL_C\include</Path>
            <Path>C:\NXP\S32DS_ARM_v2.2\S32DS\build_tools\gcc_v4.9\arm_ewl2\EWL_C\include\arm</Path>
            <Path>C:\NXP\S32DS_ARM_v2.2\S32DS\build_tools\gcc_v4.9\arm_ewl2\EWL_Runtime\include</Path>
            <Path>C:\NXP\S32DS_ARM_v2.2\S32DS\build_tools\gcc_v4.9\arm_ewl2\EWL_Runtime\include\arm</Path>
            <Path>C:\Users\j.wang\workspaceS32DS.ARM.2.2\S32K144_Project_Hello_1\include</Path>
        </IncludePaths>
        <SourceCodePaths>
            <Path>C:\Users\j.wang\workspaceS32DS.ARM.2.2\S32K144_Project_Hello_1\include</Path>
            <Path>C:\Users\j.wang\workspaceS32DS.ARM.2.2\S32K144_Project_Hello_1\src</Path>
            <Path>C:\Users\j.wang\workspaceS32DS.ARM.2.2\S32K144_Project_Hello_1\Project_Settings</Path>
        </SourceCodePaths>
        <LibPaths/>
    </PATHS>
    <FILES>
        <GeneratedCs>
            <PathName>C:\Users\j.wang\workspaceS32DS.ARM.2.2\S32K144_Project_Hello_1\Project_Settings\Startup_Code\startup.c</PathName>
            <PathName>C:\Users\j.wang\workspaceS32DS.ARM.2.2\S32K144_Project_Hello_1\Project_Settings\Startup_Code\system_S32K144.c</PathName>
            <PathName>C:\Users\j.wang\workspaceS32DS.ARM.2.2\S32K144_Project_Hello_1\src\main.c</PathName>
        </GeneratedCs>
        <GeneratedHs>
            <PathName>C:\Users\j.wang\workspaceS32DS.ARM.2.2\S32K144_Project_Hello_1\include\S32K144.h</PathName>
            <PathName>C:\Users\j.wang\workspaceS32DS.ARM.2.2\S32K144_Project_Hello_1\include\S32K144_features.h</PathName>
            <PathName>C:\Users\j.wang\workspaceS32DS.ARM.2.2\S32K144_Project_Hello_1\include\devassert.h</PathName>
            <PathName>C:\Users\j.wang\workspaceS32DS.ARM.2.2\S32K144_Project_Hello_1\include\device_registers.h</PathName>
            <PathName>C:\Users\j.wang\workspaceS32DS.ARM.2.2\S32K144_Project_Hello_1\include\s32_core_cm4.h</PathName>
            <PathName>C:\Users\j.wang\workspaceS32DS.ARM.2.2\S32K144_Project_Hello_1\include\startup.h</PathName>
            <PathName>C:\Users\j.wang\workspaceS32DS.ARM.2.2\S32K144_Project_Hello_1\include\system_S32K144.h</PathName>
        </GeneratedHs>
        <GeneratedASMs>
            <PathName>C:\Users\j.wang\workspaceS32DS.ARM.2.2\S32K144_Project_Hello_1\Project_Settings\Startup_Code\startup_S32K144.S</PathName>
        </GeneratedASMs>
        <Libraries/>
    </FILES>
    <OPTIONS>
        <BuildOptions>
            <ASMoptList>
                <Option>-c</Option>
                <Option>-I"C:\NXP\S32DS_ARM_v2.2\eclipse\..\S32DS\build_tools\gcc_v4.9\arm_ewl2\EWL_C\include" -I"C:\NXP\S32DS_ARM_v2.2\eclipse\..\S32DS\build_tools\gcc_v4.9\arm_ewl2\EWL_C\include\arm" -I"C:\NXP\S32DS_ARM_v2.2\eclipse\..\S32DS\build_tools\gcc_v4.9\arm_ewl2\EWL_Runtime\include" -I"C:\NXP\S32DS_ARM_v2.2\eclipse\..\S32DS\build_tools\gcc_v4.9\arm_ewl2\EWL_Runtime\include\arm" -I"C:\Users\j.wang\workspaceS32DS.ARM.2.2\S32K144_Project_Hello_1\include"</Option>
                <Option>-x assembler-with-cpp</Option>
                <Option>-mcpu=cortex-m4</Option>
                <Option>-mthumb</Option>
                <Option>-specs=ewl_c9x_noio.specs</Option>
                <Option>--sysroot="C:\NXP\S32DS_ARM_v2.2\eclipse\..\S32DS\build_tools\gcc_v4.9\arm_ewl2"</Option>
            </ASMoptList>
            <CCoptList>
                <Option>-DCPU_S32K144HFT0VLLT</Option>
                <Option>-I"C:\NXP\S32DS_ARM_v2.2\eclipse\..\S32DS\build_tools\gcc_v4.9\arm_ewl2\EWL_C\include" -I"C:\NXP\S32DS_ARM_v2.2\eclipse\..\S32DS\build_tools\gcc_v4.9\arm_ewl2\EWL_C\include\arm" -I"C:\NXP\S32DS_ARM_v2.2\eclipse\..\S32DS\build_tools\gcc_v4.9\arm_ewl2\EWL_Runtime\include" -I"C:\NXP\S32DS_ARM_v2.2\eclipse\..\S32DS\build_tools\gcc_v4.9\arm_ewl2\EWL_Runtime\include\arm" -I"C:\Users\j.wang\workspaceS32DS.ARM.2.2\S32K144_Project_Hello_1\include"</Option>
                <Option>-O3</Option>
                <Option>-Wall</Option>
                <Option>-c -fmessage-length=0</Option>
                <Option>-ffunction-sections</Option>
                <Option>-fdata-sections</Option>
                <Option>-mcpu=cortex-m4</Option>
                <Option>-mthumb</Option>
                <Option>-specs=ewl_c9x_noio.specs</Option>
                <Option>--sysroot="C:\NXP\S32DS_ARM_v2.2\eclipse\..\S32DS\build_tools\gcc_v4.9\arm_ewl2"</Option>
            </CCoptList>
            <LinkerOptList>
                <Option>-T "C:\Users\j.wang\workspaceS32DS.ARM.2.2\S32K144_Project_Hello_1\Project_Settings\Linker_Files\S32K1xx_flash.ld"</Option>
                <Option>-Wl,-Map,"S32K144_Project_Hello_1.map"</Option>
                <Option>-Xlinker --gc-sections</Option>
                <Option>-n</Option>
                <Option>-mcpu=cortex-m4</Option>
                <Option>-mthumb</Option>
                <Option>-specs=ewl_c9x_noio.specs</Option>
                <Option>--sysroot="C:\NXP\S32DS_ARM_v2.2\eclipse\..\S32DS\build_tools\gcc_v4.9\arm_ewl2"</Option>
            </LinkerOptList>
        </BuildOptions>
    </OPTIONS>
</export>
