<?xml version="1.0" encoding="UTF-8" standalone="no"?>
<project>
	<configuration id="com.nxp.s32ds.cle.arm.mbs.arm32.bare.exe.debug.1249610895" name="Debug_FLASH">
		<extension point="org.eclipse.cdt.core.LanguageSettingsProvider">
			<provider copy-of="extension" id="org.eclipse.cdt.ui.UserLanguageSettingsProvider"/>
			<provider-reference id="org.eclipse.cdt.core.ReferencedProjectsLanguageSettingsProvider" ref="shared-provider"/>
			<provider-reference id="org.eclipse.cdt.managedbuilder.core.MBSLanguageSettingsProvider" ref="shared-provider"/>
			<provider class="com.freescale.s32ds.cross.gnu.CrossGCCBuiltinSpecsDetector" console="false" env-hash="68948584150437860" id="com.freescale.s32ds.cross.gnu.CrossGCCBuiltinSpecsDetector" keep-relative-paths="false" name="CDT S32DS Built-in Compiler Settings" parameter="${COMMAND} ${FLAGS} -E -P -v -dD &quot;${INPUTS}&quot;" prefer-non-shared="true">
				<language-scope id="org.eclipse.cdt.core.gcc"/>
				<language-scope id="org.eclipse.cdt.core.g++"/>
			</provider>
		</extension>
	</configuration>
	<configuration id="com.nxp.s32ds.cle.arm.mbs.arm32.bare.exe.release.10310011" name="Release_FLASH">
		<extension point="org.eclipse.cdt.core.LanguageSettingsProvider">
			<provider copy-of="extension" id="org.eclipse.cdt.ui.UserLanguageSettingsProvider"/>
			<provider-reference id="org.eclipse.cdt.core.ReferencedProjectsLanguageSettingsProvider" ref="shared-provider"/>
			<provider-reference id="org.eclipse.cdt.managedbuilder.core.MBSLanguageSettingsProvider" ref="shared-provider"/>
			<provider class="com.freescale.s32ds.cross.gnu.CrossGCCBuiltinSpecsDetector" console="false" env-hash="68948584150437860" id="com.freescale.s32ds.cross.gnu.CrossGCCBuiltinSpecsDetector" keep-relative-paths="false" name="CDT S32DS Built-in Compiler Settings" parameter="${COMMAND} ${FLAGS} -E -P -v -dD &quot;${INPUTS}&quot;" prefer-non-shared="true">
				<language-scope id="org.eclipse.cdt.core.gcc"/>
				<language-scope id="org.eclipse.cdt.core.g++"/>
			</provider>
		</extension>
	</configuration>
	<configuration id="com.nxp.s32ds.cle.arm.mbs.arm32.bare.exe.debug.ram.109743934" name="Debug_RAM">
		<extension point="org.eclipse.cdt.core.LanguageSettingsProvider">
			<provider copy-of="extension" id="org.eclipse.cdt.ui.UserLanguageSettingsProvider"/>
			<provider-reference id="org.eclipse.cdt.core.ReferencedProjectsLanguageSettingsProvider" ref="shared-provider"/>
			<provider-reference id="org.eclipse.cdt.managedbuilder.core.MBSLanguageSettingsProvider" ref="shared-provider"/>
			<provider class="com.freescale.s32ds.cross.gnu.CrossGCCBuiltinSpecsDetector" console="false" env-hash="68948584150437860" id="com.freescale.s32ds.cross.gnu.CrossGCCBuiltinSpecsDetector" keep-relative-paths="false" name="CDT S32DS Built-in Compiler Settings" parameter="${COMMAND} ${FLAGS} -E -P -v -dD &quot;${INPUTS}&quot;" prefer-non-shared="true">
				<language-scope id="org.eclipse.cdt.core.gcc"/>
				<language-scope id="org.eclipse.cdt.core.g++"/>
			</provider>
		</extension>
	</configuration>
	<configuration id="com.nxp.s32ds.cle.arm.mbs.arm32.bare.exe.release.ram.1471089234" name="Release_RAM">
		<extension point="org.eclipse.cdt.core.LanguageSettingsProvider">
			<provider copy-of="extension" id="org.eclipse.cdt.ui.UserLanguageSettingsProvider"/>
			<provider-reference id="org.eclipse.cdt.core.ReferencedProjectsLanguageSettingsProvider" ref="shared-provider"/>
			<provider-reference id="org.eclipse.cdt.managedbuilder.core.MBSLanguageSettingsProvider" ref="shared-provider"/>
			<provider class="com.freescale.s32ds.cross.gnu.CrossGCCBuiltinSpecsDetector" console="false" env-hash="68948584150437860" id="com.freescale.s32ds.cross.gnu.CrossGCCBuiltinSpecsDetector" keep-relative-paths="false" name="CDT S32DS Built-in Compiler Settings" parameter="${COMMAND} ${FLAGS} -E -P -v -dD &quot;${INPUTS}&quot;" prefer-non-shared="true">
				<language-scope id="org.eclipse.cdt.core.gcc"/>
				<language-scope id="org.eclipse.cdt.core.g++"/>
			</provider>
		</extension>
	</configuration>
</project>
